{"cameraMode":{"drawMode":0,"name":"Shaded","section":"Shading Mode"},"sceneLighting":true,"audioPlay":false,"sceneViewState":{"m_AlwaysRefresh":false,"showFog":true,"showSkybox":true,"showFlares":true,"showImageEffects":true,"showParticleSystems":true,"showVisualEffectGraphs":true,"m_FxEnabled":true},"in2DMode":false,"pivot":{"x":-1761.55029296875,"y":332.1021728515625,"z":594.3641967773438},"rotation":{"x":0.019661936908960344,"y":0.7362173795700073,"z":0.022295020520687105,"w":-0.6763855814933777},"size":1119.1229248046875,"orthographic":false}